{
    "Functional Change": {
        "FIRE": {
            "tg_FP": 13,
            "tg_TP": 23,
            "cc_FP": 5,
            "cc_TP": 22,
            "tg_pre": 0.6388888888888888,
            "tg_rec": 0.7419354838709677,
            "tg_f1": 0.6865671641791045,
            "cc_pre": 0.8148148148148148,
            "cc_rec": 0.7333333333333333,
            "cc_f1": 0.7719298245614035
        },
        "VUDDY": {
            "tg_FP": 17,
            "tg_TP": 27,
            "cc_FP": 13,
            "cc_TP": 26,
            "tg_pre": 0.6136363636363636,
            "tg_rec": 0.8709677419354839,
            "tg_f1": 0.72,
            "cc_pre": 0.6666666666666666,
            "cc_rec": 0.8666666666666667,
            "cc_f1": 0.7536231884057971
        },
        "tg_TP": 31,
        "cc_TP": 30
    },
    "Fixing Change": {
        "FIRE": {
            "tg_FP": 15,
            "tg_TP": 10,
            "cc_FP": 1,
            "cc_TP": 9,
            "tg_pre": 0.4,
            "tg_rec": 0.7142857142857143,
            "tg_f1": 0.5128205128205129,
            "cc_pre": 0.9,
            "cc_rec": 0.75,
            "cc_f1": 0.8181818181818182
        },
        "VUDDY": {
            "tg_FP": 7,
            "tg_TP": 11,
            "cc_FP": 1,
            "cc_TP": 9,
            "tg_pre": 0.6111111111111112,
            "tg_rec": 0.7857142857142857,
            "tg_f1": 0.6875000000000001,
            "cc_pre": 0.9,
            "cc_rec": 0.75,
            "cc_f1": 0.8181818181818182
        },
        "tg_TP": 14,
        "cc_TP": 12
    },
    "Equivalent Change": {
        "FIRE": {
            "tg_FP": 56,
            "tg_TP": 92,
            "cc_FP": 13,
            "cc_TP": 88,
            "tg_pre": 0.6216216216216216,
            "tg_rec": 0.7479674796747967,
            "tg_f1": 0.6789667896678967,
            "cc_pre": 0.8712871287128713,
            "cc_rec": 0.7787610619469026,
            "cc_f1": 0.822429906542056
        },
        "VUDDY": {
            "tg_FP": 34,
            "tg_TP": 99,
            "cc_FP": 8,
            "cc_TP": 91,
            "tg_pre": 0.7443609022556391,
            "tg_rec": 0.8048780487804879,
            "tg_f1": 0.7734374999999999,
            "cc_pre": 0.9191919191919192,
            "cc_rec": 0.8053097345132744,
            "cc_f1": 0.8584905660377359
        },
        "tg_TP": 123,
        "cc_TP": 113
    }
}