{
    "all": {
        "TP_raw": 1820,
        "FP_raw": 2403,
        "FN_raw": 768,
        "TP_cc": 1781,
        "FP_cc": 2066,
        "FN_cc": 807,
        "pre_raw": 0.4309732417712527,
        "rec_raw": 0.7032457496136012,
        "f1_raw": 0.5344295991778005,
        "pre_cc": 0.46295814920717443,
        "rec_cc": 0.6881761978361669,
        "f1_cc": 0.5535353535353535,
        "pre_ratio": 0.07421552972631733,
        "rec_ratio": -0.021428571428571408,
        "f1_ratio": 0.03574980574980594
    },
    "Equivalent Change": {
        "TP_raw": 1136,
        "FP_raw": 1261,
        "FN_raw": 573,
        "TP_cc": 1115,
        "FP_cc": 1014,
        "FN_cc": 594,
        "pre_raw": 0.4739257405089696,
        "rec_raw": 0.6647162083089526,
        "f1_raw": 0.5533365806137359,
        "pre_cc": 0.5237200563644904,
        "rec_cc": 0.652428320655354,
        "f1_cc": 0.5810317873892652,
        "pre_ratio": 0.10506775977612971,
        "rec_ratio": -0.018485915492957694,
        "f1_ratio": 0.05005128478007185
    },
    "Fixing Change": {
        "TP_raw": 802,
        "FP_raw": 578,
        "FN_raw": 469,
        "TP_cc": 772,
        "FP_cc": 421,
        "FN_cc": 499,
        "pre_raw": 0.5811594202898551,
        "rec_raw": 0.6309992132179386,
        "f1_raw": 0.6050546963410034,
        "pre_cc": 0.647108130762783,
        "rec_cc": 0.6073957513768686,
        "f1_cc": 0.6266233766233766,
        "pre_ratio": 0.11347783098832967,
        "rec_ratio": -0.03740648379052363,
        "f1_ratio": 0.03564748842180266
    },
    "Functional Change": {
        "TP_raw": 222,
        "FP_raw": 1742,
        "FN_raw": 291,
        "TP_cc": 213,
        "FP_cc": 1610,
        "FN_cc": 300,
        "pre_raw": 0.11303462321792261,
        "rec_raw": 0.4327485380116959,
        "f1_raw": 0.17924909164311667,
        "pre_cc": 0.11684037301151948,
        "rec_cc": 0.4152046783625731,
        "f1_cc": 0.18236301369863017,
        "pre_ratio": 0.033668885561370474,
        "rec_ratio": -0.04054054054054054,
        "f1_ratio": 0.01737203813402465
    }
}