{
    "libtiff-389": 17.187834377752402,
    "libtiff-2646": 21.67791410783567,
    "gpac-1421": 18.229365124011373,
    "CVE-2024-6197": 20.389561127947204,
    "CVE-2024-4323": 25.576236123397322,
    "CVE-2024-32612": 17.240693646500972,
    "CVE-2024-29162": 25.197511811033273,
    "CVE-2024-22667": 20.292162665852974,
    "CVE-2024-0207": 21.33528113843867,
    "CVE-2023-6246": 21.816244930952195,
    "CVE-2023-5595": 25.073179882874367,
    "CVE-2023-5377": 21.16754385241201,
    "CVE-2023-39235": 19.00478125801914,
    "CVE-2023-39234": 19.498022850977136,
    "CVE-2023-37923": 23.413007164605947,
    "CVE-2023-37837": 25.792532460526104,
    "CVE-2023-37836": 22.64806724311968,
    "CVE-2023-36915": 19.641704297367777,
    "CVE-2023-36746": 25.98986913576706,
    "CVE-2023-36274": 17.86148154409152,
    "CVE-2023-36273": 24.03246861505629,
    "CVE-2023-36272": 25.973748169926495,
    "CVE-2023-36271": 21.75820004628219,
    "CVE-2023-35704": 16.551403120668148,
    "CVE-2023-35703": 26.158237281762947,
    "CVE-2023-34153": 23.61982326010171,
    "CVE-2023-30774": 25.36796522972307,
    "CVE-2023-29574": 19.63799907080528,
    "CVE-2023-2905": 25.213631333338,
    "CVE-2023-2857": 16.59648003430853,
    "CVE-2023-26157": 17.223100302195135,
    "CVE-2023-2610": 19.272641179243365,
    "CVE-2023-25434": 21.037802729245463,
    "CVE-2023-25139": 22.074229369042463,
    "CVE-2023-24757": 16.75353551880786,
    "CVE-2023-24756": 18.713015044980345,
    "CVE-2023-24755": 18.11245532978767,
    "CVE-2023-2426": 22.007275066563583,
    "CVE-2023-23915": 22.9422852453081,
    "CVE-2023-1264": 25.27253800503983,
    "CVE-2023-0804": 16.907334721637508,
    "CVE-2023-0799": 18.505482381259412,
    "CVE-2023-0797": 23.886636169411222,
    "CVE-2023-0796": 20.060713501421258,
    "CVE-2023-0795": 23.589386443542534,
    "CVE-2023-0358": 24.86775888479542,
    "CVE-2022-47660": 22.508548347478904,
    "CVE-2022-47090": 18.66962347100652,
    "CVE-2022-47088": 19.760099772662343,
    "CVE-2022-47087": 22.47533497723436,
    "CVE-2022-4645": 17.100665207769666,
    "CVE-2022-43045": 16.716259311785365,
    "CVE-2022-41896": 17.802015968864353,
    "CVE-2022-41325": 22.559243921328452,
    "CVE-2022-38266": 22.876587246796852,
    "CVE-2022-36191": 25.07441347507428,
    "CVE-2022-36190": 23.26857780358507,
    "CVE-2022-3598": 22.621214154267157,
    "CVE-2022-33103": 100.621214154267157,
    "CVE-2022-33099": 25.618135645215062,
    "CVE-2022-3297": 25.275887561938205,
    "CVE-2022-3256": 20.561860467625426,
    "CVE-2022-31620": 19.79739688865951,
    "CVE-2022-29340": 21.347317362202205,
    "CVE-2022-29208": 20.173428574775627,
    "CVE-2022-29206": 17.830464622668757,
    "CVE-2022-24577": 17.162917568211924,
    "CVE-2022-2453": 17.62134545942927,
    "CVE-2022-22576": 23.639863787594884,
    "CVE-2022-1809": 17.051972465903344,
    "CVE-2022-1795": 20.939025702516687,
    "CVE-2022-1451": 23.21863350677125,
    "CVE-2022-1437": 17.57678359237356,
    "CVE-2022-1052": 16.882960997876303,
    "CVE-2022-0676": 26.057328464724336,
    "CVE-2022-0559": 23.86968690319699,
    "CVE-2022-0523": 22.007919580763403,
    "CVE-2022-0521": 25.838019269161364,
    "CVE-2022-0519": 24.61812234210433,
    "CVE-2022-0481": 18.089823257139706,
    "CVE-2022-0417": 21.314887200964463,
    "CVE-2022-0393": 16.631022387288823,
    "CVE-2022-0156": 25.3055398287392,
    "CVE-2022-0139": 19.840034178666606,
    "CVE-2021-44923": 21.258224678734486,
    "CVE-2021-44919": 21.168613857415934,
    "CVE-2021-41458": 23.844661375613093,
    "CVE-2021-40574": 25.913612022747664,
    "CVE-2021-4043": 18.911784798194024,
    "CVE-2021-39530": 24.73470455713365,
    "CVE-2021-3770": 16.60760899342774,
    "CVE-2021-32613": 17.9307750185977,
    "CVE-2021-32440": 25.96655199625681,
    "CVE-2021-32439": 23.799944353221107,
    "CVE-2021-32134": 20.15961513005923,
    "CVE-2021-30022": 25.223690705577404,
    "CVE-2021-30020": 24.963542050273944,
    "CVE-2021-30014": 25.02923438507707,
    "CVE-2021-29591": 18.290244024943433,
    "CVE-2021-29542": 19.911154096249582,
    "CVE-2021-22901": 21.41038392695694,
    "CVE-2021-22897": 19.052315051469076,
    "CVE-2021-22890": 20.152265950583683,
    "CVE-2020-6631": 0.0,
    "CVE-2020-6630": 19.18664250787662,
    "CVE-2020-6018": 24.396927011217365,
    "CVE-2020-35635": 25.65286615302066,
    "CVE-2020-35633": 23.114800047738825,
    "CVE-2020-35632": 23.73029845533422,
    "CVE-2020-35631": 19.8957742869038,
    "CVE-2020-28635": 21.956325681133908,
    "CVE-2020-28634": 23.733614371300025,
    "CVE-2020-28633": 25.945852674863737,
    "CVE-2020-28632": 22.74155191781246,
    "CVE-2020-28629": 19.648160400669955,
    "CVE-2020-28626": 19.520007313997564,
    "CVE-2020-28625": 19.051093711138627,
    "CVE-2020-28623": 20.33346409198302,
    "CVE-2020-28621": 23.408034646756427,
    "CVE-2020-28615": 22.816340823884094,
    "CVE-2020-28613": 22.59927370726097,
    "CVE-2020-28612": 22.023827611326062,
    "CVE-2020-28609": 24.451120051898236,
    "CVE-2020-28608": 24.698951082299985,
    "CVE-2020-28606": 17.356259159101533,
    "CVE-2020-28603": 18.825215793038616,
    "CVE-2020-26269": 17.906828321735762,
    "CVE-2020-24829": 17.35405426215055,
    "CVE-2020-23931": 20.767622484406587,
    "CVE-2020-23323": 20.664857022122558,
    "CVE-2020-23321": 17.60048880841679,
    "CVE-2020-21844": 16.62971507500354,
    "CVE-2020-21841": 21.760734138946606,
    "CVE-2020-21840": 19.915310919764543,
    "CVE-2020-21831": 25.568173296548746,
    "CVE-2020-21830": 17.090947946707885,
    "CVE-2020-19481": 17.8303273268904,
    "CVE-2020-18771": 16.59761711349058,
    "CVE-2020-17538": 22.95411169179019,
    "CVE-2020-16310": 19.591053907682323,
    "CVE-2020-16304": 18.353280036186458,
    "CVE-2020-16297": 20.3840873974029,
    "CVE-2020-16296": 19.060528331972954,
    "CVE-2020-16294": 23.29840823918741,
    "CVE-2020-16291": 22.37904274646494,
    "CVE-2020-15945": 20.677354681158917,
    "CVE-2020-15214": 16.887876407513957,
    "CVE-2020-15206": 23.600218950190047,
    "CVE-2020-15190": 20.858051496963405,
    "CVE-2019-20630": 23.72623053688711,
    "CVE-2019-20628": 19.5653526157544,
    "CVE-2019-20208": 22.502249847507176,
    "CVE-2019-20171": 22.30813738978133,
    "CVE-2019-20167": 21.783470161619793,
    "CVE-2019-20166": 21.25444996124097,
    "CVE-2019-20165": 19.285044988999523,
    "CVE-2019-20164": 22.483544400624343,
    "CVE-2019-20163": 18.156093466560204,
    "CVE-2019-20160": 25.689991130055102,
    "CVE-2019-13454": 18.17911543808253,
    "CVE-2019-12483": 20.77652896889672,
    "CVE-2019-12482": 23.01967407246713,
    "CVE-2019-12481": 19.911772668117614,
    "CVE-2018-20458": 18.43553820124596,
    "CVE-2018-20456": 24.934947361170476,
    "CVE-2018-20455": 26.149209808301226,
    "CVE-2018-19607": 16.85739241904842,
    "CVE-2018-17237": 18.225418156796145,
    "CVE-2018-17234": 20.388198406561994,
    "CVE-2018-15671": 19.250879081693043,
    "CVE-2018-15209": 24.252197772724088,
    "CVE-2018-14016": 16.96206291921726,
    "CVE-2018-14015": 22.028740857239654,
    "CVE-2018-13873": 22.217770575332985,
    "CVE-2018-13871": 25.52109948885258,
    "CVE-2018-13870": 25.91129837038118,
    "CVE-2018-13869": 25.73367981523731,
    "CVE-2018-13867": 19.52751395705568,
    "CVE-2018-13866": 19.08905128914264,
    "CVE-2018-11205": 24.790058456555514,
    "CVE-2018-11202": 23.552807264159075,
    "CVE-2018-10186": 26.17781978500458,
    "CVE-2018-1000001": 26.281550465493687,
    "CVE-2017-7597": 21.1492124237271,
    "CVE-2017-7596": 22.091934207730667,
    "CVE-2017-6387": 23.276622595696,
    "CVE-2017-17508": 24.02284179194371,
    "CVE-2017-17506": 25.00754425122321,
    "CVE-2017-17505": 25.970533071935044,
    "CVE-2017-15932": 20.308699726233645,
    "CVE-2017-14864": 24.936640464850022,
    "CVE-2017-14862": 23.630888573317797,
    "CVE-2017-14861": 17.318791803683265,
    "CVE-2017-14860": 24.905397291936076,